{
  "fileType" : "pickerData",
  "offset" : "12",
  "pickerButtons" : [
    {
      "class":"solstice_fkButton",
      "x":"8",
      "y":"-75",
      "text":"FK",
      "radius" : "27",
      "part" : "spine1",
      "type" : "fk",
      "name" : "spine2",
      "parent":"spine1_fk_spine1_ctrl",
      "gizmo" : "rotate"
    },

    {
      "class":"solstice_fkButton",
      "x":"8",
      "y":"-51",
      "text":"FK",
      "radius" : "27",
      "part" : "spine1",
      "type" : "fk",
      "name" : "spine1",
      "parent":"spine1_fk_pelvis_ctrl",
      "gizmo" : "rotate"
    },

    {
      "class":"solstice_fkButton",
      "x":"8",
      "y":"-28",
      "text":"FK",
      "radius" : "27",
      "part" : "spine1",
      "type" : "fk",
      "name" : "pelvis",
      "parent":"spine1_fk_upperBody_ctrl",
      "gizmo" : "rotate"
    },

    {
      "class":"solstice_fkButton",
      "x":"8",
      "y":"-4 ",
      "text":"FK",
      "radius" : "27",
      "part" : "spine1",
      "type" : "fk",
      "name" : "upperBody",
      "parent":"",
      "gizmo" : "rotate"
    },

    {
      "class":"solstice_ikButton",
      "x":"-12",
      "y":"-12",
      "text":"IK",
      "radius" : "27",
      "part" : "spine1",
      "type" : "fk",
      "name" : "spine0",
      "parent":"",
      "gizmo" : "move"
    },

    {
      "class":"solstice_ikButton",
      "x":"-12",
      "y":"-40",
      "text":"IK",
      "radius" : "27",
      "part" : "spine1",
      "type" : "ik",
      "name" : "spine1",
      "parent":"",
      "gizmo" : "move"
    },

    {
      "class":"solstice_ikButton",
      "x":"-12",
      "y":"-66",
      "text":"IK",
      "radius" : "27",
      "part" : "spine1",
      "type" : "ik",
      "name" : "spine2",
      "parent":"",
      "gizmo" : "move"
    },

    {
      "class":"solstice_extraButton",
      "x":"-43",
      "y":"-55",
      "text":"",
      "fullname":"spine1_R_chestGeo_ctrl",
      "radius":"4",
      "width":"19",
      "height":"21",
      "part":"spine1",
      "type":"extra",
      "gizmo" : "move"
    },

    {
      "class":"solstice_extraButton",
      "x":"43",
      "y":"-55",
      "text":"",
      "fullname":"spine1_L_chestGeo_ctrl",
      "radius":"4",
      "width":"19",
      "height":"21",
      "part":"spine1",
      "type":"extra",
      "gizmo" : "move"
    },

    {
      "class":"solstice_extraButton",
      "x":"0",
      "y":"20",
      "text":"",
      "fullname":"spine1_C_bellyGeo_ctrl",
      "radius":"4",
      "width":"19",
      "height":"21",
      "part":"spine1",
      "type":"extra",
      "gizmo" : "move"
    },

    {
      "class":"solstice_moduleButton",
      "x":"-10",
      "y":"40",
      "text":"SPINE",
      "radius":"4",
      "width":"40",
      "height":"21",
      "part":"spine1"
    },

    {
      "class":"solstice_fkButton",
      "x":"0",
      "y":"-118 ",
      "text":"FK",
      "radius" : "27",
      "part" : "head1",
      "type" : "fk",
      "name" : "neck",
      "parent":"spine1_ik_spine2_ctrl",
      "gizmo" : "rotate"
    },

    {
      "class":"solstice_fkButton",
      "x":"0",
      "y":"-140 ",
      "text":"FK",
      "radius" : "27",
      "part" : "head1",
      "type" : "fk",
      "name" : "head",
      "parent":"head1_fk_neck_ctrl",
      "gizmo" : "rotate"
    },

    {
      "class":"solstice_moduleButton",
      "x":"-25",
      "y":"-232",
      "text":"HEAD",
      "radius":"4",
      "width":"72",
      "height":"21",
      "part":"head1"
    },

    {
      "class":"solstice_fkButton",
      "x":"45",
      "y":"-120 ",
      "text":"FK",
      "radius" : "35",
      "part" : "arm1",
      "side" : "L",
      "type" : "fk",
      "name" : "shoulder",
      "mirror" : "True",
      "gizmo" : "rotate"
    },

    {
      "class":"solstice_fkButton",
      "x":"72",
      "y":"-90",
      "text":"FK",
      "radius" : "35",
      "part" : "arm1",
      "side" : "L",
      "type" : "fk",
      "name" : "arm",
      "parent":"L_arm1_fk_shoulder_ctrl",
      "mirror" : "True",
      "gizmo" : "rotate"
    },

    {
      "class":"solstice_fkButton",
      "x":"120",
      "y":"-35",
      "text":"FK",
      "radius" : "35",
      "part" : "arm1",
      "side" : "L",
      "type" : "fk",
      "name" : "elbow",
      "parent":"L_arm1_fk_arm_ctrl",
      "mirror" : "True",
      "gizmo" : "rotate"
    },

    {
      "class":"solstice_fkButton",
      "x":"172",
      "y":"9",
      "text":"FK",
      "radius" : "35",
      "part" : "arm1",
      "side" : "L",
      "type" : "fk",
      "name" : "wrist",
      "parent":"L_arm1_fk_elbow_ctrl",
      "mirror" : "True",
      "gizmo" : "rotate"
    },

    {
      "class":"solstice_pinButton",
      "x":"138",
      "y":"-60",
      "radius" : "30",
      "part" : "arm1",
      "side" : "L",
      "name" : "bow",
      "mirror" : "True",
      "gizmo" : "move"
    },

    {
      "class":"solstice_moduleButton",
      "x":"171",
      "y":"-111",
      "text":"L_ARM",
      "radius":"4",
      "width":"79",
      "height":"21",
      "part":"arm1",
      "side":"L"
    },

    {
      "class":"solstice_mirrorButton",
      "x":"171",
      "y":"-94",
      "text":"MIRROR",
      "radius":"4",
      "width":"48",
      "height":"21",
      "part":"arm1",
      "side":"L"
    },

    {
      "class":"solstice_flipButton",
      "x":"215",
      "y":"-94",
      "text":"FLIP",
      "radius":"4",
      "width":"35",
      "height":"21",
      "part":"arm1",
      "side":"L"
    },

    {
      "class":"solstice_ikSwitchButton",
      "x":"171",
      "y":"-77",
      "text":"IK",
      "radius":"4",
      "width":"48",
      "height":"21",
      "part":"arm1",
      "side":"L"
    },

    {
      "class":"solstice_keyPartButton",
      "x":"215",
      "y":"-77",
      "text":"KEY",
      "radius":"4",
      "width":"35",
      "height":"21",
      "part":"arm1",
      "side":"L"
    },

    {
      "class":"solstice_moduleButton",
      "x":"-213",
      "y":"-128",
      "text":"R_ARM",
      "radius":"4",
      "width":"79",
      "height":"21",
      "part":"arm1",
      "side":"R"
    },

    {
      "class":"solstice_mirrorButton",
      "x":"-182",
      "y":"-111",
      "text":"MIRROR",
      "radius":"4",
      "width":"48",
      "height":"21",
      "part":"arm1",
      "side":"L"
    },

    {
      "class":"solstice_flipButton",
      "x":"-213",
      "y":"-111",
      "text":"FLIP",
      "radius":"4",
      "width":"35",
      "height":"21",
      "part":"arm1",
      "side":"L"
    },

    {
      "class":"solstice_fkButton",
      "x":"25",
      "y":"50",
      "text":"FK",
      "radius" : "35",
      "part" : "leg1",
      "side" : "L",
      "type" : "fk",
      "name" : "legOffset",
      "parent":"",
      "mirror" : "True",
      "gizmo" : "move"
    },

    {
      "class":"solstice_fkButton",
      "x":"25",
      "y":"50",
      "text":"test",
      "radius" : "35",
      "part" : "leg1",
      "side" : "L",
      "type" : "fk",
      "name" : "legOffset",
      "parent":"",
      "mirror" : "True",
      "gizmo" : "move"
    }


  ]
}