{
  "fileType" : "pickerData",
  "offset" : "15",
  "pickerButtons" :
  {
    "parts":
    {
      "head1":
      {
        "solstice_fkButton":
        [
          {
            "x": "0",
            "y": "-138",
            "radius": "24",
            "name": "head",
            "type":"fk",
            "parent": "head1_fk_neck_ctrl",
            "gizmo": "rotate",
            "color":[255,0,0]
          },
          {
            "x": "0",
            "y": "-114",
            "radius": "24",
            "name": "neck",
            "type":"fk",
            "parent": "spine1_fk_spine2_ctrl",
            "gizmo": "rotate",
            "color":[255,0,0]
          }
        ],
        "solstice_ikButton":
        [
          {
            "x": "45",
            "y": "-152",
            "radius": "15",
            "name": "earBase",
            "type":"ik",
            "gizmo": "rotate",
            "side":"L",
            "mirror":"True",
            "color":[255,255,0],
            "offset": [-15, 0]
          },
          {
            "x": "66",
            "y": "-163",
            "radius": "15",
            "name": "ear1",
            "type":"ik",
            "gizmo": "move",
            "side":"L",
            "mirror":"True",
            "color":[255,255,0],
            "offset": [-15,0]
          },
          {
            "x": "2",
            "y": "-206",
            "radius": "24",
            "name": "upperHead",
            "type":"ik",
            "gizmo": "move",
            "color":[255,255,0]
          }
        ],
        "solstice_moduleButton":
        [
          {
            "x": "-19",
            "y": "-228",
            "radius": "2",
            "height":"20",
            "width":"68",
            "text":"HEAD",
            "color":[100,100,100],
            "glowColor":[255,255,255]
          }
        ]
      },
      "spine1":
      {
        "solstice_fkButton":
        [
          {
            "x": "12",
            "y": "-75",
            "radius": "24",
            "name": "spine2",
            "type":"fk",
            "parent": "spine1_fk_spine1_ctrl",
            "gizmo": "rotate",
            "color":[255,255,0]
          },

          {
            "x": "12",
            "y": "-50",
            "radius": "24",
            "name": "spine1",
            "type":"fk",
            "parent": "spine1_fk_spine0_ctrl",
            "gizmo": "rotate",
            "color":[255,255,0]
          },
          {
            "x": "12",
            "y": "-25",
            "radius": "24",
            "name": "spine0",
            "type":"fk",
            "parent": "spine1_fk_pelvis_ctrl",
            "gizmo": "rotate",
            "color":[255,255,0]
          },
          {
            "x": "12",
            "y": "0",
            "radius": "24",
            "name": "upperBody",
            "type":"fk",
            "gizmo": "rotate",
            "color":[255,255,0]
          },
          {
            "x": "-12",
            "y": "-12",
            "radius": "24",
            "name": "pelvis",
            "type":"fk",
            "gizmo": "move",
            "color":[0,0,255]
          }
        ],
        "solstice_ikButton":
        [
          {
            "x": "-12",
            "y": "-62",
            "radius": "24",
            "name": "spine2",
            "type":"ik",
            "gizmo": "rotate",
            "color":[0,0,255]
          },
          {
            "x": "-12",
            "y": "-37",
            "radius": "24",
            "name": "spine1",
            "type":"ik",
            "gizmo": "move",
            "color":[0,0,255]
          }
        ],

        "solstice_extraButton":
        [
          {
            "x": "45",
            "y": "-55",
            "radius": "5",
            "height":"20",
            "width":"20",
            "color":[255,255,0],
            "name": "chestGeo",
            "gizmo": "move",
            "side": "L",
            "mirror": "True",
            "offset": [-5,0]
          },
          {
            "x": "0",
            "y": "20",
            "radius": "5",
            "height":"20",
            "width":"20",
            "color":[255,255,0],
            "name": "C_bellyGeo",
            "gizmo": "move"
          }
        ],

        "solstice_moduleButton":
        [
          {
            "x": "-25",
            "y": "40",
            "radius": "2",
            "height":"22",
            "width":"78",
            "text":"SPINE",
            "color":[100,100,100],
            "glowColor":[255,255,255]
          }
        ]
      },
      "arm1":
      {
        "solstice_fkButton":
        [
          {
            "x": "50",
            "y": "-110",
            "radius": "27",
            "name": "shoulder",
            "type":"fk",
            "gizmo": "rotate",
            "side":"L",
            "text":"FK",
            "mirror":"True",
            "color":[255,0,0]
          },
          {
            "x": "78",
            "y": "-85",
            "radius": "27",
            "name": "arm",
            "type":"fk",
            "gizmo": "rotate",
            "side":"L",
            "text":"FK",
            "mirror":"True",
            "parent":"L_arm1_fk_shoulder_ctrl",
            "color":[255,0,0]
          },
          {
            "x": "130",
            "y": "-28",
            "radius": "27",
            "name": "elbow",
            "type":"fk",
            "gizmo": "rotate",
            "side":"L",
            "text":"FK",
            "mirror":"True",
            "parent":"L_arm1_fk_arm_ctrl",
            "color":[255,0,0]
          },
          {
            "x": "181",
            "y": "19",
            "radius": "27",
            "name": "wrist",
            "type":"fk",
            "gizmo": "rotate",
            "side":"L",
            "text":"FK",
            "mirror":"True",
            "parent":"L_arm1_fk_elbow_ctrl",
            "color":[255,0,0],
            "FKIKControl":"L_arm1_ik_arm_ctrl"
          }
        ],
        "solstice_ikButton":
        [
          {
            "x": "181",
            "y": "19",
            "radius": "27",
            "name": "arm",
            "type":"ik",
            "gizmo": "move",
            "side":"L",
            "text":"IK",
            "mirror":"True",
            "color":[255,255,0],
            "FKIKControl":"L_arm1_fk_wrist_ctrl"
          }
        ],
        "solstice_moduleButton":
        [
          {
            "x": "175",
            "y": "-107",
            "radius": "2",
            "side":"L",
            "height":"20",
            "width":"78",
            "text":"L_ARM",
            "color":[100,100,100],
            "glowColor":[255,255,255]
          },
          {
            "x": "-209",
            "y": "-124",
            "radius": "2",
            "side":"R",
            "height":"20",
            "width":"78",
            "text":"R_ARM",
            "color":[100,100,100],
            "glowColor":[255,255,255]
          }
        ],
        "solstice_keyFkIkButton":
        [
          {
            "x": "212",
            "y": "-90",
            "radius": "2",
            "side":"L",
            "height":"20",
            "width":"40",
            "text":"KEY",
            "color":[100,100,100],
            "glowColor":[255,255,255]
          },

          {
            "x": "-208",
            "y": "-107",
            "radius": "2",
            "side":"R",
            "height":"20",
            "width":"35",
            "text":"KEY",
            "color":[100,100,100],
            "glowColor":[255,255,255]
          }
        ],
        "solstice_fkIkSwitcherButton":
        [
          {
            "x": "175",
            "y": "-90",
            "radius": "2",
            "side":"L",
            "height":"20",
            "width":"40",
            "color":[100,100,100],
            "glowColor":[255,255,255]
          },
          {
            "x": "-175",
            "y": "-107",
            "radius": "2",
            "side":"R",
            "height":"20",
            "width":"40",
            "color":[100,100,100],
            "glowColor":[255,255,255]
          }
        ],
        "solstice_gimbalButton":
        [
          {
            "x": "124",
            "y": "50",
            "radius": "2",
            "name": "arm_gimbalHelper",
            "type":"ik",
            "gizmo": "rotate",
            "side":"L",
            "height":"20",
            "width":"45",
            "text":"GIMBAL",
            "color":[100,100,100],
            "glowColor":[255,255,255]
          }
        ]
      },
      "finger1":
      {
        "solstice_fkButton":
        [
          {
            "x": "240",
            "y": "58",
            "radius": "16",
            "name": "thumb_base",
            "type":"fk",
            "gizmo": "rotate",
            "side":"L",
            "mirror":"True",
            "parent":"L_arm1_fk_wrist_ctrl",
            "color":[115,60, 25],
            "offset": [-11,-4]
          },
          {
            "x": "252",
            "y": "67",
            "radius": "16",
            "name": "thumb_mid",
            "type":"fk",
            "gizmo": "rotate",
            "side":"L",
            "mirror":"True",
            "parent":"L_finger1_fk_thumb_base_ctrl",
            "color":[115,60, 25],
            "offset": [-11,-4]
          },
          {
            "x": "264",
            "y": "76",
            "radius": "16",
            "name": "thumb_tip",
            "type":"fk",
            "gizmo": "rotate",
            "side":"L",
            "mirror":"True",
            "parent":"L_finger1_fk_thumb_mid_ctrl",
            "color":[115,60, 25],
            "offset": [-11,-4]
          },
          {
            "x": "200",
            "y": "145",
            "radius": "27",
            "name": "fingers",
            "side":"L",
            "mirror":"True",
            "color":[255,255,0],
            "offset": [0,-4]
          }
        ]
      },
      "finger2":
      {
        "solstice_fkButton":
        [
          {
            "x": "216",
            "y": "50",
            "radius": "14",
            "name": "thumb_base",
            "type": "fk",
            "gizmo": "rotate",
            "side": "L",
            "mirror": "True",
            "parent": "L_arm1_fk_wrist_ctrl",
            "color": [115, 60, 25],
            "offset": [-11,-4]
          },
          {
            "x": "221",
            "y": "98",
            "radius": "15",
            "name": "thumb_mid",
            "type":"fk",
            "gizmo": "rotate",
            "side":"L",
            "mirror":"True",
            "parent":"L_finger1_fk_thumb_base_ctrl",
            "color":[115,60, 25],
            "offset": [-11,-4]
          },
          {
            "x": "221",
            "y": "112",
            "radius": "15",
            "name": "thumb_mid",
            "type":"fk",
            "gizmo": "rotate",
            "side":"L",
            "mirror":"True",
            "parent":"L_finger1_fk_thumb_base_ctrl",
            "color":[115,60, 25],
            "offset": [-11,-4]
          },
          {
            "x": "221",
            "y": "126",
            "radius": "15",
            "name": "thumb_mid",
            "type":"fk",
            "gizmo": "rotate",
            "side":"L",
            "mirror":"True",
            "parent":"L_finger1_fk_thumb_base_ctrl",
            "color":[115,60, 25],
            "offset": [-11,-4]
          }
        ]
      },
      "finger3":
      {
        "solstice_fkButton":
        [
          {
            "x": "202",
            "y": "50",
            "radius": "14",
            "name": "thumb_base",
            "type": "fk",
            "gizmo": "rotate",
            "side": "L",
            "mirror": "True",
            "parent": "L_arm1_fk_wrist_ctrl",
            "color": [115, 60, 25],
            "offset": [-11,-4]
          },
          {
            "x": "205",
            "y": "98",
            "radius": "15",
            "name": "thumb_mid",
            "type":"fk",
            "gizmo": "rotate",
            "side":"L",
            "mirror":"True",
            "parent":"L_finger1_fk_thumb_base_ctrl",
            "color":[115,60, 25],
            "offset": [-11,-4]
          },
          {
            "x": "205",
            "y": "112",
            "radius": "15",
            "name": "thumb_mid",
            "type":"fk",
            "gizmo": "rotate",
            "side":"L",
            "mirror":"True",
            "parent":"L_finger1_fk_thumb_base_ctrl",
            "color":[115,60, 25],
            "offset": [-11,-4]
          },
          {
            "x": "205",
            "y": "126",
            "radius": "15",
            "name": "thumb_mid",
            "type":"fk",
            "gizmo": "rotate",
            "side":"L",
            "mirror":"True",
            "parent":"L_finger1_fk_thumb_base_ctrl",
            "color":[115,60, 25],
            "offset": [-11,-4]
          }
        ]
      },
      "finger4":
      {
        "solstice_fkButton":
        [
          {
            "x": "188",
            "y": "50",
            "radius": "14",
            "name": "thumb_base",
            "type": "fk",
            "gizmo": "rotate",
            "side": "L",
            "mirror": "True",
            "parent": "L_arm1_fk_wrist_ctrl",
            "color": [115, 60, 25],
            "offset": [-11,-4]
          },
          {
            "x": "187",
            "y": "98",
            "radius": "15",
            "name": "thumb_mid",
            "type":"fk",
            "gizmo": "rotate",
            "side":"L",
            "mirror":"True",
            "parent":"L_finger1_fk_thumb_base_ctrl",
            "color":[115,60, 25],
            "offset": [-11,-4]
          },
          {
            "x": "187",
            "y": "112",
            "radius": "15",
            "name": "thumb_mid",
            "type":"fk",
            "gizmo": "rotate",
            "side":"L",
            "mirror":"True",
            "parent":"L_finger1_fk_thumb_base_ctrl",
            "color":[115,60, 25],
            "offset": [-11,-4]
          },
          {
            "x": "187",
            "y": "126",
            "radius": "15",
            "name": "thumb_mid",
            "type":"fk",
            "gizmo": "rotate",
            "side":"L",
            "mirror":"True",
            "parent":"L_finger1_fk_thumb_base_ctrl",
            "color":[115,60, 25],
            "offset": [-11,-4]
          }
        ]
      },
      "leg1":
      {
        "solstice_fkButton":
        [
          {
            "x": "30",
            "y": "60",
            "radius": "27",
            "name": "hip",
            "type":"fk",
            "gizmo": "rotate",
            "side":"L",
            "mirror":"True",
            "color":[255,0,0]
          },
          {
            "x": "32",
            "y": "144",
            "radius": "24",
            "name": "knee",
            "type":"fk",
            "gizmo": "rotate",
            "side":"L",
            "mirror":"True",
            "color":[255,0,0],
            "offset": [-2,0],
            "parent":"L_leg1_fk_hip_ctrl"
          },
          {
            "x": "34",
            "y": "215",
            "radius": "22",
            "name": "ankle",
            "type":"fk",
            "gizmo": "rotate",
            "side":"L",
            "mirror":"True",
            "color":[255,0,0],
            "offset": [-6,0],
            "parent":"L_leg1_fk_knee_ctrl"
          },
          {
            "x": "34",
            "y": "242",
            "radius": "22",
            "name": "ball",
            "type":"fk",
            "gizmo": "rotate",
            "side":"L",
            "mirror":"True",
            "color":[255,0,0],
            "offset": [-6,0],
            "parent":"L_leg1_fk_ankle_ctrl"
          }
        ],
        "solstice_ikButton":
        [
        ],
        "solstice_moduleButton":
        [
          {
            "x": "107",
            "y": "142",
            "radius": "2",
            "side":"L",
            "height":"20",
            "width":"70",
            "text":"L_LEG",
            "color":[100,100,100],
            "glowColor":[255,255,255]
          },
          {
            "x": "-157",
            "y": "142",
            "radius": "2",
            "side":"R",
            "height":"20",
            "width":"70",
            "text":"R_LEG",
            "color":[100,100,100],
            "glowColor":[255,255,255]
          }
        ],
        "solstice_keyFkIkButton":
        [
          {
            "x": "145",
            "y": "160",
            "radius": "2",
            "side":"L",
            "height":"20",
            "width":"40",
            "text":"KEY",
            "color":[100,100,100],
            "glowColor":[255,255,255]
          },

          {
            "x": "-158",
            "y": "160",
            "radius": "2",
            "side":"R",
            "height":"20",
            "width":"40",
            "text":"KEY",
            "color":[100,100,100],
            "glowColor":[255,255,255]
          }
        ],
        "solstice_fkIkSwitcherButton":
        [
          {
            "x": "107",
            "y": "160",
            "radius": "2",
            "side":"L",
            "height":"20",
            "width":"40",
            "color":[100,100,100],
            "glowColor":[255,255,255]
          },
          {
            "x": "-120",
            "y": "160",
            "radius": "2",
            "side":"R",
            "height":"20",
            "width":"40",
            "color":[100,100,100],
            "glowColor":[255,255,255]
          }
        ]
      }
    }
  }
}