{
 "1.0" :
 [
  "First version of Solstice Launcher released",
  "Solstice Pipelinizer added which is a tool used to smooth the workflow between Maya and Artella",
  "WIP version of Solstice Sequencer",
  "Solstice Shader Library added and allow to export and import shaders in an easy way",
  "Solstice Snow Generator Added",
  "Solstice Tagger Tool added",
  "Updated Solstice Updater with new UI and functionality",
  "Added changelog system to Solstice Tools Updater Tool",
  "Added unique windows and dialogs for Solstice Tools",
  "Reimplemented all docking functionality for Solstice Tools"
 ],
 "2.0":
 [
  "Improve Solstice Deployer Tool to easily deploy new version of the tools to all artists",
  "Added Solstice Picker Tool",
  "Final version of Summer Picker",
  "Final version of Winter Picker",
  "Added facial picker for Summer and Winter",
  "Added WIP version of Solstice Scatter Tool",
  "Added Shaders Library Tool",
  "Added Solstice Tagger Tool"
 ],
 "3.0":
 [
   "Solstice Pipelinizer Tool now works properly with MacOS",
   "Artella plugins and paths now are updated properly in MacOS when Solstice Tools are loaded",
   "Fixed lock/unlock system on Solstice Pipelinizer",
   "Added option to upload new working version of shading/models asset files from Solstice Pipelinizer",
   "Now the working assets file info is showed properly when an asset is selected on Solstice Pipelinizer",
   "Working files now can be synchronized directly using Solstice Pipelinizer",
   "Added new version of Sanity Check Tool with basic functionality",
   "Added new tags into Solstice Tagger Tool",
   "Implemented first simple MetaData system for Solstice Assets"
 ],
  "4.0":
  [
    "Updated UI layout of Solstice Changelog",
    "Added Tray Icon to Solstice Tools",
    "Added new Check and Task System for Solstice Tools",
    "Solstice Light Rigs Tool can import and reference Solstice light rigs",
    "Now shaders can be created on the fly from JSON file directly from Solstice Shader Library Viewer",
    "When Shader Library is launched, it checks if the ShadersLibrary folder is sync and if not, it will sync",
    "Added Asset Viewer to Shader Library to be able to export shader info for each asset easily",
    "Added button to access Shader Library path quickly inside Solstice Shader Library Tool",
    "Added contextual menu item for Shader Widgets to open them in text editor",
    "Added Validator step to Solstice Publisher",
    "Solstice Publisher shows feedback to the user during publishing",
    "Solstice Publisher now support .txt textures automatic textures relinker",
    "Added Publisher Tasks for shading, textures and model for Solstice Publisher",
    "Added user and light rigs assets to Solstice Builder Tool",
    "Added User Login and Icon when the user is logged on Solstice Pipelinizer",
    "Updated the way Solstice Piplinizer open asset files and folders",
    "Improve the stabilty of Solstice Pipelinizer",
    "Solstice Pipelinizer now launches automatically Artella app (only works in Windows for now)",
    "Added Proxy/Hires tag data info into Solstice Tagger Tool"
  ],
  "5.0":
  [
    "Fixed error with Solstice Picker Script loading",
    "Added WIP version of Solstice Outliner Tool"
  ]
}