{
  "fileType" : "pickerData",
  "offset" : "15",
  "pickerButtons" :
  {
    "parts":
    {
      "head1":
      {
        "FKButton":
        [
           {
            "x": -240,
            "y": "-63",
            "radius": "16",
            "name": "aim_eye",
            "side": "R",
            "gizmo": "move",
            "color":[0,62,81]
          },
          {
            "x": -137,
            "y": "-63",
            "radius": "16",
            "name": "aim_eye",
            "side": "L",
            "gizmo": "move",
            "color":[0,62,81]
          },
          {
            "x": "178",
            "y": "59",
            "radius": "22",
            "name": "ik_nose",
            "side": "L",
             "mirror": "True",
             "offset":[-294,-2],
            "gizmo": "move",
            "color":[255,255,110]
          },
            {
            "x": "143",
            "y": "59",
            "radius": "30",
            "name": "ik_nose",
            "side": "C",
            "gizmo": "move",
            "color":[255,255,110]
          }
        ]
      },
      "eyes1":
      {
        "FKButton":
        [
          {
            "x": -179,
            "y": "-154",
            "radius": "24",
            "name": "eye",
            "side": "L",
            "type":"fk",
            "gizmo": "rotate",
            "text": "L",
            "color":[255,176,197]
          },
          {
            "x": -205,
            "y": "-154",
            "radius": "24",
            "name": "eye",
            "side": "R",
            "type":"fk",
            "gizmo": "rotate",
            "text": "R",
            "color":[255,176,197]
          },
          {
            "x": -192,
            "y": "-67",
            "radius": "24",
            "name": "aim_mainEyes",
            "side": "R",
            "gizmo": "move",
            "color":[0,62,81]
          }
        ],
        "CommandButton":
        [
          {
            "x": -207,
            "y": "-130",
            "radius": "10",
            "side": "R",
            "width":"55",
            "height":"30",
            "gizmo": "rotate",
            "text": "EYESFK",
            "color":[246,227,255],
            "command":"from pickers.picker import solstice_pickerCommands as cmds; cmds._select_control('C_eyes1_fk_eye_ctrl')"
          },
          {
            "x": -217,
            "y": "-103",
            "radius": "10",
            "name": "eye",
            "side": "R",
            "width":"75",
            "height":"25",
            "gizmo": "rotate",
            "text": "EYEBULBS",
            "color":[246,227,255],
            "command":"from pickers.picker import solstice_pickerCommands as cmds; cmds._select_control('eyebulbs_set'); cmds._select_control('C_eyes1_fk_eye_ctrl', replace=False);"
          },
          {
            "x": "-211",
            "y": "-20",
            "radius": "10",
            "height":"30",
            "width":"62",
            "text":"EYES",
            "color":[246,227,255],
            "glowColor":[255,255,255],
            "command":"from pickers.picker import solstice_pickerCommands as cmds; cmds._select_control('eyebulbs_set');"
          }
        ]
      },
      "tongue1":
      {
        "FKButton":
        [
           {
            "x": "-117",
            "y": "159",
            "radius": "14",
            "name": "01",
            "gizmo": "rotate",
            "color":[255,255,110]
          },
          {
            "x": "-117",
            "y": "172",
            "radius": "14",
            "name": "02",
            "gizmo": "rotate",
            "parent": "tongue1_01_ctrl",
            "color":[255,255,110]
          },
            {
            "x": "-117",
            "y": "184",
            "radius": "14",
            "name": "03",
            "gizmo": "rotate",
            "parent": "tongue1_02_ctrl",
            "color":[255,255,110]
          },
            {
            "x": "-117",
            "y": "196",
            "radius": "14",
            "name": "04",
            "gizmo": "rotate",
            "parent": "tongue1_03_ctrl",
            "color":[255,255,110]
          },
            {
            "x": "-117",
            "y": "208",
            "radius": "14",
            "name": "05",
            "gizmo": "rotate",
            "parent": "tongue1_04_ctrl",
            "color":[255,255,110]
          },
            {
            "x": "-117",
            "y": "220",
            "radius": "14",
            "name": "06",
            "gizmo": "rotate",
            "parent": "tongue1_05_ctrl",
            "color":[255,255,110]
          },
            {
            "x": "-117",
            "y": "232",
            "radius": "14",
            "name": "07",
            "gizmo": "rotate",
            "parent": "tongue1_06_ctrl",
            "color":[255,255,110]
          },
            {
            "x": "-117",
            "y": "244",
            "radius": "14",
            "name": "08",
            "gizmo": "rotate",
            "parent": "tongue1_07_ctrl",
            "color":[255,255,110]
          }
        ],
        "CommandButton":
        [
          {
            "x": "-216",
            "y": "256",
            "radius": "10",
            "height":"30",
            "width":"69",
            "text":"TONGUE",
            "color":[246,227,255],
            "glowColor":[255,255,255],
            "command":"from pickers.picker import solstice_pickerCommands as cmds; cmds._select_control('tongue_set');"
          }
        ]
      },
      "":
      {
         "FKButton":
        [
          {
            "x": "-265",
            "y": "43",
            "radius": "16",
            "name": "upBackTeeth",
            "side": "R",
            "gizmo": "move",
            "color":[255,255,110]
          },
          {
            "x": "-229",
            "y": "43",
            "radius": "16",
            "name": "upMidTeeth",
            "side": "R",
            "gizmo": "move",
            "color":[255,255,110]
          },
          {
            "x": "-193",
            "y": "43",
            "radius": "16",
            "name": "upTeeth",
            "side": "C",
            "gizmo": "move",
            "color":[255,255,110]
          },
          {
            "x": "-157",
            "y": "43",
            "radius": "16",
            "name": "upMidTeeth",
            "side": "L",
            "gizmo": "move",
            "color":[255,255,110]
          },
          {
            "x": "-120",
            "y": "43",
            "radius": "16",
            "name": "upBackTeeth",
            "side": "L",
            "gizmo": "move",
            "color":[255,255,110]
          },
          {
            "x": "-265",
            "y": "85",
            "radius": "16",
            "name": "loBackTeeth",
            "side": "R",
            "gizmo": "move",
            "color":[255,255,110]
          },
          {
            "x": "-229",
            "y": "85",
            "radius": "16",
            "name": "loMidTeeth",
            "side": "R",
            "gizmo": "move",
            "color":[255,255,110]
          },
          {
            "x": "-193",
            "y": "85",
            "radius": "16",
            "name": "loTeeth",
            "side": "C",
            "gizmo": "move",
            "color":[255,255,110]
          },
          {
            "x": "-157",
            "y": "85",
            "radius": "16",
            "name": "loMidTeeth",
            "side": "L",
            "gizmo": "move",
            "color":[255,255,110]
          },
          {
            "x": "-120",
            "y": "85",
            "radius": "16",
            "name": "loBackTeeth",
            "side": "L",
            "gizmo": "move",
            "color":[255,255,110]
          },
          {
            "x": "188",
            "y": "-178",
            "radius": "35",
            "name": "hiEyebrowIn",
            "side": "L",
            "mirror": "True",
            "offset":[-284,0],
            "gizmo": "move",
            "color":[255,202,255]
          },
           {
            "x": "226",
            "y": "-178",
            "radius": "35",
            "name": "hiEyebrowMid",
            "side": "L",
             "mirror": "True",
            "offset":[-283,0],
            "gizmo": "move",
            "color":[255,202,255]
          },
          {
            "x": "263",
            "y": "-178",
            "radius": "35",
            "name": "hiEyebrowOut",
            "side": "L",
             "mirror": "True",
             "offset":[-283,0],
            "gizmo": "move",
            "color":[255,202,255]
          },
          {
            "x": "267",
            "y": "-108",
            "radius": "28",
            "name": "eyebrowOutSlide",
            "side": "L",
             "mirror": "True",
             "offset":[-288,0],
            "gizmo": "move",
            "color":[26,135,255]
          },
          {
            "x": "226",
            "y": "-108",
            "radius": "28",
            "name": "eyebrowMidSlide",
            "side": "L",
             "mirror": "True",
             "offset":[-288,0],
            "gizmo": "move",
            "color":[26,135,255]
          },
           {
            "x": "185",
            "y": "-108",
            "radius": "28",
            "name": "eyebrowInSlide",
            "side": "L",
             "mirror": "True",
             "offset":[-288,0],
            "gizmo": "move",
            "color":[26,135,255]
          },
          {
            "x": "144",
            "y": "-108",
            "radius": "28",
            "name": "eyebrowSlide",
            "side": "C",
            "gizmo": "move",
            "color":[26,135,255]
          },
          {
            "x": "272",
            "y": "-120",
            "radius": "18",
            "name": "eyebrowOutOffset",
            "side": "L",
             "mirror": "True",
             "offset":[-298,0],
            "gizmo": "move",
            "color":[255,255,110]
          },
          {
            "x": "230",
            "y": "-120",
            "radius": "18",
            "name": "eyebrowMidOffset",
            "side": "L",
             "mirror": "True",
             "offset":[-298,0],
            "gizmo": "move",
            "color":[255,255,110]
          },
          {
            "x": "190",
            "y": "-120",
            "radius": "18",
            "name": "eyebrowInSlideOffset",
            "side": "L",
             "mirror": "True",
             "offset":[-298,0],
            "gizmo": "move",
            "color":[255,255,110]
          },
          {
            "x": "148",
            "y": "-120",
            "radius": "18",
            "name": "eyebrowOffset",
            "side": "C",
            "gizmo": "move",
            "color":[255,255,110]
          },
          {
            "x": "191",
            "y": "-20",
            "radius": "18",
            "name": "inLid",
            "side": "L",
             "mirror": "True",
             "offset":[-298,-2],
            "gizmo": "move",
            "color":[255,202,255]
          },
          {
            "x": "205",
            "y": "-50",
            "radius": "18",
            "name": "upInLid",
            "side": "L",
             "mirror": "True",
             "offset":[-300,-2],
            "gizmo": "move",
            "color":[255,202,255]
          },
           {
            "x": "237",
            "y": "-59",
            "radius": "18",
            "name": "uplid",
            "side": "L",
             "mirror": "True",
             "offset":[-300,-2],
            "gizmo": "move",
            "color":[255,202,255]
          },
           {
            "x": "269",
            "y": "-45",
            "radius": "18",
            "name": "upOutLid",
            "side": "L",
             "mirror": "True",
             "offset":[-300,-2],
            "gizmo": "move",
            "color":[255,202,255]
          },
          {
            "x": "284",
            "y": "-21",
            "radius": "18",
            "name": "outLid",
            "side": "L",
             "mirror": "True",
             "offset":[-300,-2],
            "gizmo": "move",
            "color":[255,202,255]
          },
           {
            "x": "272",
            "y": "8",
            "radius": "18",
            "name": "loOutLid",
            "side": "L",
             "mirror": "True",
             "offset":[-300,-2],
            "gizmo": "move",
            "color":[255,202,255]
          },
          {
            "x": "240",
            "y": "17",
            "radius": "18",
            "name": "loLid",
            "side": "L",
             "mirror": "True",
             "offset":[-300,-2],
            "gizmo": "move",
            "color":[255,202,255]
          },
          {
            "x": "208",
            "y": "9",
            "radius": "18",
            "name": "loInLid",
            "side": "L",
             "mirror": "True",
             "offset":[-299,-2],
            "gizmo": "move",
            "color":[255,202,255]
          },
          {
            "x": "259",
            "y": "37",
            "radius": "18",
            "name": "cheekA",
            "side": "L",
             "mirror": "True",
             "offset":[-300,0],
            "gizmo": "move",
            "color":[100,255,0]
          },
           {
            "x": "261",
            "y": "55",
            "radius": "26",
            "name": "cheek",
            "side": "L",
             "mirror": "True",
             "offset":[-292,0],
            "gizmo": "move",
            "color":[100,255,0]
          },
          {
            "x": "296",
            "y": "68",
            "radius": "26",
            "name": "inflDefl",
            "side": "L",
             "mirror": "True",
             "offset":[-292,0],
            "gizmo": "move",
            "color":[100,255,0]
          },
          {
            "x": "291",
            "y": "131",
            "radius": "20",
            "name": "lipSlide",
            "side": "L",
             "mirror": "True",
             "offset":[-294,0],
            "gizmo": "move",
            "color":[85,223,255]
          },
          {
            "x": "240",
            "y": "95",
            "radius": "20",
            "name": "upMidLipSlide",
            "side": "L",
             "mirror": "True",
             "offset":[-297,0],
            "gizmo": "move",
            "color":[85,223,255]
          },
          {
            "x": "144",
            "y": "95",
            "radius": "20",
            "name": "upLipSlide",
            "side": "C",
            "gizmo": "move",
            "color":[85,223,255]
          },
          {
            "x": "240",
            "y": "169",
            "radius": "20",
            "name": "loMidLipSlide",
            "side": "L",
             "mirror": "True",
             "offset":[-297,0],
            "gizmo": "move",
            "color":[85,223,255]
          },
           {
            "x": "144",
            "y": "169",
            "radius": "20",
            "name": "loLipSlide",
            "side": "C",
            "gizmo": "move",
            "color":[85,223,255]
          },
          {
            "x": "272",
            "y": "134",
            "radius": "16",
            "name": "lip05",
            "side": "L",
             "mirror": "True",
             "offset":[-302,0],
            "gizmo": "move",
            "color":[255,206,0]
          },
          {
            "x": "246",
            "y": "118",
            "radius": "16",
            "name": "lip04",
            "side": "L",
             "mirror": "True",
             "offset":[-293,0],
            "gizmo": "move",
            "color":[255,206,0]
          },
           {
            "x": "220",
            "y": "118",
            "radius": "16",
            "name": "lip03",
            "side": "L",
             "mirror": "True",
             "offset":[-293,0],
            "gizmo": "move",
            "color":[255,206,0]
          },
           {
            "x": "196",
            "y": "118",
            "radius": "16",
            "name": "lip02",
            "side": "L",
             "mirror": "True",
             "offset":[-293,0],
            "gizmo": "move",
            "color":[255,206,0]
          },
           {
            "x": "171",
            "y": "118",
            "radius": "16",
            "name": "lip01",
            "side": "L",
             "mirror": "True",
             "offset":[-293,0],
            "gizmo": "move",
            "color":[255,206,0]
          },
          {
            "x": "246",
            "y": "149",
            "radius": "16",
            "name": "lip06",
            "side": "L",
             "mirror": "True",
             "offset":[-293,0],
            "gizmo": "move",
            "color":[255,206,0]
          },
           {
            "x": "220",
            "y": "149",
            "radius": "16",
            "name": "lip07",
            "side": "L",
             "mirror": "True",
             "offset":[-293,0],
            "gizmo": "move",
            "color":[255,206,0]
          },
           {
            "x": "196",
            "y": "149",
            "radius": "16",
            "name": "lip08",
            "side": "L",
             "mirror": "True",
             "offset":[-293,0],
            "gizmo": "move",
            "color":[255,206,0]
          },
           {
            "x": "171",
            "y": "149",
            "radius": "16",
            "name": "lip09",
            "side": "L",
             "mirror": "True",
             "offset":[-293,0],
            "gizmo": "move",
            "color":[255,206,0]
          },
           {
            "x": "146",
            "y": "118",
            "radius": "16",
            "name": "lip00",
            "side": "C",
            "gizmo": "move",
            "color":[255,206,0]
          },
          {
            "x": "146",
            "y": "149",
            "radius": "16",
            "name": "lip10",
            "side": "C",
            "gizmo": "move",
            "color":[255,206,0]
          }
        ],
       "CommandButton":
        [
          {
            "x": "-215",
            "y": "117",
            "radius": "10",
            "height":"30",
            "width":"62",
            "text":"TEETH",
            "color":[246,227,255],
            "glowColor":[255,255,255],
            "command":""
          },
          {
            "x": "106",
            "y": "-238",
            "radius": "10",
            "height":"29",
            "width":"110",
            "text": "HIEYEBROWS",
            "color":[246,227,255],
            "glowColor":[255,255,255],
            "command":"from pickers.picker import solstice_pickerCommands as cmds; cmds._select_control('hiEyebrows_set');"
          },
          {
            "x": "-72",
            "y": "-106",
            "radius": "10",
            "height":"29",
            "width":"90",
            "text": "EYEBROWS",
            "color":[246,227,255],
            "glowColor":[255,255,255],
            "command":"from pickers.picker import solstice_pickerCommands as cmds; cmds._select_control('eyebrows_set');"
          },
           {
            "x": "-72",
            "y": "-48",
            "radius": "10",
            "height":"29",
            "width":"90",
            "text": "EYELIDS",
            "color":[246,227,255],
            "glowColor":[255,255,255],
            "command":"from pickers.picker import solstice_pickerCommands as cmds; cmds._select_control('eyelids_set');"
          },
          {
            "x": "-72",
            "y": "-10",
            "radius": "10",
            "height":"29",
            "width":"90",
            "text": "CHEEKS",
            "color":[100,255,0],
            "glowColor":[255,255,255],
            "command":"from pickers.picker import solstice_pickerCommands as cmds; cmds._select_control('cheeks_set');"
          },
          {
            "x": "132",
            "y": "26",
            "radius": "10",
            "height":"29",
            "width":"50",
            "text": "NOSE",
            "color":[246,227,255],
            "glowColor":[255,255,255],
            "command":"from pickers.picker import solstice_pickerCommands as cmds; cmds._select_control('nose_set');"
          },
          {
            "x": "-72",
            "y": "105",
            "radius": "10",
            "height":"29",
            "width":"50",
            "text": "LIPS",
            "color":[85,223,255],
            "glowColor":[255,255,255],
            "command":"from pickers.picker import solstice_pickerCommands as cmds; cmds._select_control('lips_set');"
          },
          {
            "x": "-72",
            "y": "145",
            "radius": "10",
            "height":"29",
            "width":"70",
            "text": "LIPS EXTRA",
            "color":[255,206,0],
            "glowColor":[255,255,255],
            "command":"from pickers.picker import solstice_pickerCommands as cmds; cmds._select_control('lipsExtra_set');"
          },
           {
            "x": "216",
            "y": "225",
            "radius": "10",
            "height":"29",
            "width":"50",
            "text": "JAW",
            "color":[246,227,255],
            "glowColor":[255,255,255],
            "command":"from pickers.picker import solstice_pickerCommands as cmds; cmds._select_control('jaw1_set');"
          },
          {
            "x": "-213",
            "y": "25",
            "radius": "5",
            "height":"16",
            "width":"60",
            "color":[225,255,110],
            "glowColor":[255,255,255],
            "command":"from pickers.picker import solstice_pickerCommands as cmds; cmds._select_control('R_upBackTeeth_ctrl'); cmds._select_control('R_upMidTeeth_ctrl', replace=False); cmds._select_control('C_upTeeth_ctrl', replace=False); cmds._select_control('L_upBackTeeth_ctrl', replace=False); cmds._select_control('L_upMidTeeth_ctrl', replace=False);"
          },
          {
            "x": "-213",
            "y": "102",
            "radius": "5",
            "height":"16",
            "width":"60",
            "color":[225,255,110],
            "glowColor":[255,255,255],
            "command":"from pickers.picker import solstice_pickerCommands as cmds; cmds._select_control('R_loBackTeeth_ctrl'); cmds._select_control('R_loMidTeeth_ctrl', replace=False); cmds._select_control('C_loTeeth_ctrl', replace=False); cmds._select_control('L_loBackTeeth_ctrl', replace=False); cmds._select_control('L_loMidTeeth_ctrl', replace=False);"
          },
          {
            "x": "27",
            "y": "-212",
            "radius": "10",
            "height":"25",
            "width":"92",
            "color":[255,255,110],
            "glowColor":[255,255,255],
            "command":"from pickers.picker import solstice_pickerCommands as cmds; cmds._select_control('R_hiEyebrow_ctrl');"
          },
           {
            "x": "200",
            "y": "-212",
            "radius": "10",
            "height":"25",
            "width":"92",
            "color":[255,255,110],
            "glowColor":[255,255,255],
            "command":"from pickers.picker import solstice_pickerCommands as cmds; cmds._select_control('L_hiEyebrow_ctrl');"
          },
           {
            "x": "108",
            "y": "208",
            "radius": "10",
            "height":"25",
            "width":"100",
            "color":[255,255,110],
            "glowColor":[255,255,255],
            "command":"from pickers.picker import solstice_pickerCommands as cmds; cmds._select_control('jaw1_jaw_ctrl');"
          },
           {
            "x": "117",
            "y": "238",
            "radius": "10",
            "height":"25",
            "width":"85",
            "color":[255,255,110],
            "glowColor":[255,255,255],
            "command":"from pickers.picker import solstice_pickerCommands as cmds; cmds._select_control('jaw1_chin_ctrl');"
          },
           {
            "x": "-271",
            "y": "-230",
            "height":"20",
            "width": "50",
            "radius": "2",
            "text":"GLOBAL",
            "color":[246,227,255],
            "command":"from pickers.picker import solstice_pickerCommands as cmds; cmds.selectGlobalControl()"
          },
           {
            "x": "-221",
            "y": "-230",
            "height":"20",
            "width": "55",
            "radius": "2",
            "text":"MAIN",
            "color":[246,227,255],
            "command":"from pickers.picker import solstice_pickerCommands as cmds; cmds.selectMainControl()"
          },
          {
            "x": "-165",
            "y": "-230",
            "height":"20",
            "width": "95",
            "radius": "2",
            "text":"ALL",
            "color":[246,227,255],
            "command":"from pickers.picker import solstice_pickerCommands as cmds; cmds.selectAllControls()"
          },
          {
            "x": "-271",
            "y": "-212",
            "height":"20",
            "width": "50",
            "radius": "2",
            "text":"BODY",
            "color":[246,227,255],
            "command":"from pickers.picker import solstice_pickerCommands as cmds; cmds.selectBodyControls()"
          },
          {
            "x": "-221",
            "y": "-212",
            "height":"20",
            "width": "55",
            "radius": "2",
            "text":"FACE",
            "color":[246,227,255],
            "command":"from pickers.picker import solstice_pickerCommands as cmds; cmds.selectFaceControls()"
          },
          {
            "x": "-165",
            "y": "-212",
            "height":"20",
            "width": "95",
            "radius": "2",
            "text":"DYNAMIC",
            "color":[240,233,255],
            "command":"from pickers.picker import solstice_pickerCommands as cmds; cmds.selectDynamicControl()"
          },
          {
            "x": "-270",
            "y": "-195",
            "height":"20",
            "width": "105",
            "radius": "2",
            "text":"KEY SELECTED",
            "color":[252,0,66],
            "command":"from pickers.picker import solstice_pickerCommands as cmds; cmds.setKeyframe()"
          },
          {
            "x": "-165",
            "y": "-195",
            "height":"20",
            "width": "95",
            "radius": "2",
            "text":"CLEAR SELECTION",
            "color":[0,255,182],
            "command":"from pickers.picker import solstice_pickerCommands as cmds; cmds.clearSelection()"
          }
        ]
      }
    }
  }
}