<?xml version="1.0" encoding="UTF-8"?>
<solstice_shelf>
    <!-- Basic Solstice Project Scripts -->
    <shelfItem icon="setproject.png" cmds="import solstice_pipeline; solstice_pipeline.update_solstice_project();" ann="Auto Setup Solstice Project" label=""/>
    <shelfItem icon="" cmds="" ann="Separator" label=""/>
    <!-- Pipeline Tools -->
    <shelfItem icon="pipeline.png" cmds="from solstice_pipeline.solstice_tools import solstice_pipelinizer; solstice_pipelinizer.run()" ann="Solstice Pipelinizer Tool" label=""/>
    <shelfItem icon="" cmds="" ann="Separator" label=""/>
    <shelfItem icon="tagger.png" cmds="from solstice_pipeline.solstice_tools import solstice_tagger; reload(solstice_tagger); solstice_tagger.run();" ann="Solstice Tagger Tool" label=""/>
    <shelfItem icon="sanitycheck.png" cmds="from solstice_pipeline.solstice_tools import solstice_sanitycheck; reload(solstice_sanitycheck); solstice_sanitycheck.run();" ann="Solstice Sanity Check Tool" label=""/>
    <shelfItem icon="" cmds="" ann="Separator" label=""/>
    <!-- Animation Tools -->
    <shelfItem icon="picker.png" cmds="from solstice_pipeline.solstice_tools import solstice_pickers; solstice_pickers.run()" ann="Solstice Pickers" label=""/>
    <shelfItem icon="solsticeplayblast.png" cmds="from solstice_pipeline.solstice_tools import solstice_playblast; solstice_playblast.run()" ann="Solstice Playblast" label=""/>
    <shelfItem icon="" cmds="" ann="Separator" label=""/>
    <!-- Shading/Texture Tools -->
    <shelfItem icon="shaders.png" cmds="from solstice_pipeline.solstice_tools import solstice_shaderlibrary; reload(solstice_shaderlibrary); solstice_shaderlibrary.run();" ann="Solstice Shader Library Tool" label=""/>
    <shelfItem icon="lightrigs.png" cmds="from solstice_pipeline.solstice_tools import solstice_lightrigs; reload(solstice_lightrigs); solstice_lightrigs.run();" ann="Solstice Light Rigs Tool" label=""/>
    <shelfItem icon="txtrelinker.png" cmds="from solstice_pipeline.solstice_tools import solstice_texturesrelinker; reload(solstice_texturesrelinker); solstice_texturesrelinker.run();" ann="Solstice Textures Relinker Tool" label=""/>
    <shelfItem icon="" cmds="" ann="Separator" label=""/>
    <!-- Utility Tools -->
    <shelfItem icon="scatter.png" cmds="from solstice_pipeline.solstice_tools import solstice_scatter; reload(solstice_scatter); solstice_scatter.run();" ann="Solstice Scatter Tool" label=""/>
    <shelfItem icon="solsticesnow.png" cmds="from solstice_pipeline.solstice_tools import solstice_snowgenerator; reload(solstice_snowgenerator); solstice_snowgenerator.run();" ann="Solstice Snow Creator Tool" label=""/>

</solstice_shelf>