{
  "fileType" : "pickerData",
  "offset" : "15",
  "pickerButtons" :
  {
    "parts":
    {
      "head1":
      {
        "solstice_fkButton":
        [
          {
            "x": "0",
            "y": "-138",
            "radius": "24",
            "name": "head",
            "type":"fk",
            "parent": "head1_fk_neck_ctrl",
            "gizmo": "rotate",
            "color":[255,0,0]
          },
          {
            "x": "0",
            "y": "-114",
            "radius": "24",
            "name": "neck",
            "type":"fk",
            "parent": "spine1_fk_spine2_ctrl",
            "gizmo": "rotate",
            "color":[255,0,0]
          }
        ],
        "solstice_ikButton":
        [
          {
            "x": "45",
            "y": "-152",
            "radius": "15",
            "name": "earBase",
            "type":"ik",
            "gizmo": "rotate",
            "side":"L",
            "mirror":"True",
            "color":[255,255,0],
            "offset": [-15, 0]
          },
          {
            "x": "66",
            "y": "-163",
            "radius": "15",
            "name": "ear1",
            "type":"ik",
            "gizmo": "move",
            "side":"L",
            "mirror":"True",
            "color":[255,255,0],
            "offset": [-15,0]
          },
          {
            "x": "2",
            "y": "-206",
            "radius": "24",
            "name": "upperHead",
            "type":"ik",
            "gizmo": "move",
            "color":[255,255,0]
          }
        ],
        "solstice_moduleButton":
        [
          {
            "x": "-18",
            "y": "-228",
            "radius": "2",
            "height":"19",
            "width":"65",
            "text":"HEAD",
            "color":[100,100,100],
            "glowColor":[255,255,255]
          }
        ]
      },
      "spine1":
      {
        "solstice_fkButton":
        [
          {
            "x": "12",
            "y": "-75",
            "radius": "24",
            "name": "spine2",
            "type":"fk",
            "parent": "spine1_fk_spine1_ctrl",
            "gizmo": "rotate",
            "color":[255,255,0]
          },

          {
            "x": "12",
            "y": "-50",
            "radius": "24",
            "name": "spine1",
            "type":"fk",
            "parent": "spine1_fk_spine0_ctrl",
            "gizmo": "rotate",
            "color":[255,255,0]
          },
          {
            "x": "12",
            "y": "-25",
            "radius": "24",
            "name": "spine0",
            "type":"fk",
            "parent": "spine1_fk_pelvis_ctrl",
            "gizmo": "rotate",
            "color":[255,255,0]
          },
          {
            "x": "12",
            "y": "0",
            "radius": "24",
            "name": "upperBody",
            "type":"fk",
            "gizmo": "rotate",
            "color":[255,255,0]
          },
          {
            "x": "-12",
            "y": "-12",
            "radius": "24",
            "name": "pelvis",
            "type":"fk",
            "gizmo": "move",
            "color":[0,0,255]
          }
        ],
        "solstice_ikButton":
        [
          {
            "x": "-12",
            "y": "-62",
            "radius": "24",
            "name": "spine2",
            "type":"ik",
            "gizmo": "rotate",
            "color":[0,0,255]
          },
          {
            "x": "-12",
            "y": "-37",
            "radius": "24",
            "name": "spine1",
            "type":"ik",
            "gizmo": "move",
            "color":[0,0,255]
          }
        ],

        "solstice_extraButton":
        [
          {
            "x": "45",
            "y": "-55",
            "radius": "5",
            "height":"20",
            "width":"20",
            "color":[255,255,0],
            "name": "chestGeo",
            "gizmo": "move",
            "side": "L",
            "mirror": "True",
            "offset": [-5,0]
          },
          {
            "x": "0",
            "y": "20",
            "radius": "5",
            "height":"20",
            "width":"20",
            "color":[255,255,0],
            "name": "C_bellyGeo",
            "gizmo": "move"
          }
        ],

        "solstice_moduleButton":
        [
          {
            "x": "-25",
            "y": "40",
            "radius": "2",
            "height":"22",
            "width":"78",
            "text":"SPINE",
            "color":[100,100,100],
            "glowColor":[255,255,255]
          }
        ]
      },
      "arm1":
      {
        "solstice_fkButton":
        [
          {
            "x": "50",
            "y": "-110",
            "radius": "27",
            "name": "shoulder",
            "type":"fk",
            "gizmo": "rotate",
            "side":"L",
            "text":"FK",
            "mirror":"True",
            "color":[255,0,0]
          },
          {
            "x": "78",
            "y": "-85",
            "radius": "27",
            "name": "arm",
            "type":"fk",
            "gizmo": "rotate",
            "side":"L",
            "text":"FK",
            "mirror":"True",
            "parent":"L_arm1_fk_shoulder_ctrl",
            "color":[255,0,0]
          },
          {
            "x": "130",
            "y": "-28",
            "radius": "27",
            "name": "elbow",
            "type":"fk",
            "gizmo": "rotate",
            "side":"L",
            "text":"FK",
            "mirror":"True",
            "parent":"L_arm1_fk_arm_ctrl",
            "color":[255,0,0]
          },
          {
            "x": "181",
            "y": "19",
            "radius": "27",
            "name": "wrist",
            "type":"fk",
            "gizmo": "rotate",
            "side":"L",
            "text":"FK",
            "mirror":"True",
            "parent":"L_arm1_fk_elbow_ctrl",
            "color":[255,0,0],
            "FKIKControl":"L_arm1_ik_arm_ctrl"
          }
        ],
        "solstice_ikButton":
        [
          {
            "x": "181",
            "y": "19",
            "radius": "27",
            "name": "arm",
            "type":"ik",
            "gizmo": "move",
            "side":"L",
            "text":"IK",
            "mirror":"True",
            "color":[255,255,0],
            "FKIKControl":"L_arm1_fk_wrist_ctrl"
          }
        ],
        "solstice_moduleButton":
        [
          {
            "x": "180",
            "y": "-90",
            "radius": "2",
            "side":"L",
            "height":"20",
            "width":"78",
            "text":"L_ARM",
            "color":[100,100,100],
            "glowColor":[255,255,255]
          },
          {
            "x": "-209",
            "y": "-108",
            "radius": "2",
            "side":"R",
            "height":"20",
            "width":"75",
            "text":"R_ARM",
            "color":[100,100,100],
            "glowColor":[255,255,255]
          }
        ],
        "solstice_keyFkIkButton":
        [
          {
            "x": "218",
            "y": "-72",
            "radius": "2",
            "side":"L",
            "height":"20",
            "width":"40",
            "text":"KEY",
            "color":[100,100,100],
            "glowColor":[255,255,255]
          },

          {
            "x": "-208",
            "y": "-89",
            "radius": "2",
            "side":"R",
            "height":"20",
            "width":"35",
            "text":"KEY",
            "color":[100,100,100],
            "glowColor":[255,255,255]
          }
        ],
        "solstice_fkIkSwitcherButton":
        [
          {
            "x": "180",
            "y": "-72",
            "radius": "2",
            "side":"L",
            "height":"20",
            "width":"40",
            "color":[100,100,100],
            "glowColor":[255,255,255]
          },
          {
            "x": "-175",
            "y": "-89",
            "radius": "2",
            "side":"R",
            "height":"20",
            "width":"40",
            "color":[100,100,100],
            "glowColor":[255,255,255]
          }
        ],
        "solstice_gimbalButton":
        [
          {
            "x": "122",
            "y": "56",
            "radius": "2",
            "name": "wrist_gimbalHelper",
            "type":"ik",
            "gizmo": "rotate",
            "side":"L",
            "height":"20",
            "mirror":"True",
            "width":"45",
            "text":"GIMBAL",
            "offset":[15, 1],
            "color":[100,100,100],
            "glowColor":[255,255,255]
          }
        ],
        "solstice_keySpaceSwitchButton":
        [
          {
            "x": "241",
            "y": "16",
            "radius": "2",
            "side":"L",
            "height":"20",
            "width":"96",
            "text":"KEY",
            "color":[100,100,100],
            "glowColor":[255,255,255]
          },
           {
            "x": "-308",
            "y": "-6",
            "radius": "2",
            "side":"R",
            "height":"20",
            "width":"96",
            "text":"KEY",
            "color":[100,100,100],
            "glowColor":[255,255,255]
          }
        ],
        "solstice_commandButton":
        [
          {
            "x": "242",
            "y": "-22",
            "height":"20",
            "width": "32",
            "radius": "2",
            "text":"Main",
            "color":[100,100,100],
            "command":"from pickers.picker import solstice_pickerCommands as cmds; cmds.selectGlobalControl()"
          },
          {
            "x": "272",
            "y": "-22",
            "height":"20",
            "width": "32",
            "radius": "2",
            "text":"World",
            "color":[100,100,100],
            "command":"from pickers.picker import solstice_pickerCommands as cmds; cmds.selectGlobalControl()"
          },
           {
            "x": "303",
            "y": "-22",
            "height":"20",
            "width": "34",
            "radius": "2",
            "text":"Pelvis",
            "color":[100,100,100],
            "command":"from pickers.picker import solstice_pickerCommands as cmds; cmds.selectGlobalControl()"
          },
           {
            "x": "242",
            "y": "-4",
            "height":"22",
            "width": "32",
            "radius": "2",
            "text":"Head",
            "color":[100,100,100],
            "command":"from pickers.picker import solstice_pickerCommands as cmds; cmds.selectGlobalControl()"
          },
          {
            "x": "272",
            "y": "-4",
            "height":"22",
            "width": "65",
            "radius": "2",
            "text":"Object",
            "color":[100,100,100],
            "command":"from pickers.picker import solstice_pickerCommands as cmds; cmds.selectGlobalControl()"
          },
          {
            "x": "-307",
            "y": "-44",
            "height":"20",
            "width": "32",
            "radius": "2",
            "text":"Main",
            "color":[100,100,100],
            "command":"from pickers.picker import solstice_pickerCommands as cmds; cmds.selectGlobalControl()"
          },
          {
            "x": "-276",
            "y": "-44",
            "height":"20",
            "width": "32",
            "radius": "2",
            "text":"World",
            "color":[100,100,100],
            "command":"from pickers.picker import solstice_pickerCommands as cmds; cmds.selectGlobalControl()"
          },
           {
            "x": "-246",
            "y": "-44",
            "height":"20",
            "width": "34",
            "radius": "2",
            "text":"Pelvis",
            "color":[100,100,100],
            "command":"from pickers.picker import solstice_pickerCommands as cmds; cmds.selectGlobalControl()"
          },
           {
            "x": "-245",
            "y": "-26",
            "height":"22",
            "width": "32",
            "radius": "2",
            "text":"Head",
            "color":[100,100,100],
            "command":"from pickers.picker import solstice_pickerCommands as cmds; cmds.selectGlobalControl()"
          },
          {
            "x": "-308",
            "y": "-26",
            "height":"22",
            "width": "65",
            "radius": "2",
            "text":"Object",
            "color":[100,100,100],
            "command":"from pickers.picker import solstice_pickerCommands as cmds; cmds.selectGlobalControl()"
          }
        ]
      },
      "finger1":
      {
        "solstice_fkButton":
        [
          {
            "x": "240",
            "y": "58",
            "radius": "16",
            "name": "thumb_base",
            "type":"fk",
            "gizmo": "rotate",
            "side":"L",
            "mirror":"True",
            "parent":"L_arm1_fk_wrist_ctrl",
            "color":[115,60, 25],
            "offset": [-11,-4]
          },
          {
            "x": "252",
            "y": "67",
            "radius": "16",
            "name": "thumb_mid",
            "type":"fk",
            "gizmo": "rotate",
            "side":"L",
            "mirror":"True",
            "parent":"L_finger1_fk_thumb_base_ctrl",
            "color":[115,60, 25],
            "offset": [-11,-4]
          },
          {
            "x": "264",
            "y": "76",
            "radius": "16",
            "name": "thumb_tip",
            "type":"fk",
            "gizmo": "rotate",
            "side":"L",
            "mirror":"True",
            "parent":"L_finger1_fk_thumb_mid_ctrl",
            "color":[115,60, 25],
            "offset": [-11,-4]
          },
          {
            "x": "200",
            "y": "145",
            "radius": "27",
            "name": "fingers",
            "side":"L",
            "mirror":"True",
            "color":[255,255,0],
            "offset": [0,-4]
          }
        ]
      },
      "finger2":
      {
        "solstice_fkButton":
        [
          {
            "x": "216",
            "y": "50",
            "radius": "14",
            "name": "thumb_base",
            "type": "fk",
            "gizmo": "rotate",
            "side": "L",
            "mirror": "True",
            "parent": "L_arm1_fk_wrist_ctrl",
            "color": [115, 60, 25],
            "offset": [-11,-4]
          },
          {
            "x": "221",
            "y": "98",
            "radius": "15",
            "name": "thumb_mid",
            "type":"fk",
            "gizmo": "rotate",
            "side":"L",
            "mirror":"True",
            "parent":"L_finger1_fk_thumb_base_ctrl",
            "color":[115,60, 25],
            "offset": [-11,-4]
          },
          {
            "x": "221",
            "y": "112",
            "radius": "15",
            "name": "thumb_mid",
            "type":"fk",
            "gizmo": "rotate",
            "side":"L",
            "mirror":"True",
            "parent":"L_finger1_fk_thumb_base_ctrl",
            "color":[115,60, 25],
            "offset": [-11,-4]
          },
          {
            "x": "221",
            "y": "126",
            "radius": "15",
            "name": "thumb_mid",
            "type":"fk",
            "gizmo": "rotate",
            "side":"L",
            "mirror":"True",
            "parent":"L_finger1_fk_thumb_base_ctrl",
            "color":[115,60, 25],
            "offset": [-11,-4]
          }
        ]
      },
      "finger3":
      {
        "solstice_fkButton":
        [
          {
            "x": "202",
            "y": "50",
            "radius": "14",
            "name": "thumb_base",
            "type": "fk",
            "gizmo": "rotate",
            "side": "L",
            "mirror": "True",
            "parent": "L_arm1_fk_wrist_ctrl",
            "color": [115, 60, 25],
            "offset": [-11,-4]
          },
          {
            "x": "205",
            "y": "98",
            "radius": "15",
            "name": "thumb_mid",
            "type":"fk",
            "gizmo": "rotate",
            "side":"L",
            "mirror":"True",
            "parent":"L_finger1_fk_thumb_base_ctrl",
            "color":[115,60, 25],
            "offset": [-11,-4]
          },
          {
            "x": "205",
            "y": "112",
            "radius": "15",
            "name": "thumb_mid",
            "type":"fk",
            "gizmo": "rotate",
            "side":"L",
            "mirror":"True",
            "parent":"L_finger1_fk_thumb_base_ctrl",
            "color":[115,60, 25],
            "offset": [-11,-4]
          },
          {
            "x": "205",
            "y": "126",
            "radius": "15",
            "name": "thumb_mid",
            "type":"fk",
            "gizmo": "rotate",
            "side":"L",
            "mirror":"True",
            "parent":"L_finger1_fk_thumb_base_ctrl",
            "color":[115,60, 25],
            "offset": [-11,-4]
          }
        ]
      },
      "finger4":
      {
        "solstice_fkButton":
        [
          {
            "x": "188",
            "y": "50",
            "radius": "14",
            "name": "thumb_base",
            "type": "fk",
            "gizmo": "rotate",
            "side": "L",
            "mirror": "True",
            "parent": "L_arm1_fk_wrist_ctrl",
            "color": [115, 60, 25],
            "offset": [-11,-4]
          },
          {
            "x": "187",
            "y": "98",
            "radius": "15",
            "name": "thumb_mid",
            "type":"fk",
            "gizmo": "rotate",
            "side":"L",
            "mirror":"True",
            "parent":"L_finger1_fk_thumb_base_ctrl",
            "color":[115,60, 25],
            "offset": [-11,-4]
          },
          {
            "x": "187",
            "y": "112",
            "radius": "15",
            "name": "thumb_mid",
            "type":"fk",
            "gizmo": "rotate",
            "side":"L",
            "mirror":"True",
            "parent":"L_finger1_fk_thumb_base_ctrl",
            "color":[115,60, 25],
            "offset": [-11,-4]
          },
          {
            "x": "187",
            "y": "126",
            "radius": "15",
            "name": "thumb_mid",
            "type":"fk",
            "gizmo": "rotate",
            "side":"L",
            "mirror":"True",
            "parent":"L_finger1_fk_thumb_base_ctrl",
            "color":[115,60, 25],
            "offset": [-11,-4]
          }
        ]
      },
      "leg1":
      {
        "solstice_fkButton":
        [
          {
            "x": "30",
            "y": "60",
            "radius": "27",
            "name": "hip",
            "type":"fk",
            "gizmo": "rotate",
            "side":"L",
            "text":"FK",
            "mirror":"True",
            "color":[255,0,0]
          },
          {
            "x": "32",
            "y": "144",
            "radius": "24",
            "name": "knee",
            "type":"fk",
            "gizmo": "rotate",
            "side":"L",
            "text":"FK",
            "mirror":"True",
            "color":[255,0,0],
            "offset": [-2,0],
            "parent":"L_leg1_fk_hip_ctrl"
          },
          {
            "x": "34",
            "y": "215",
            "radius": "22",
            "name": "ankle",
            "type":"fk",
            "gizmo": "rotate",
            "side":"L",
            "text":"FK",
            "mirror":"True",
            "color":[255,0,0],
            "offset": [-6,0],
            "parent":"L_leg1_fk_knee_ctrl"
          },
          {
            "x": "34",
            "y": "242",
            "radius": "22",
            "name": "ball",
            "type":"fk",
            "gizmo": "rotate",
            "side":"L",
            "text":"FK",
            "mirror":"True",
            "color":[255,0,0],
            "offset": [-6,0],
            "parent":"L_leg1_fk_ankle_ctrl"
          }
        ],
        "solstice_ikButton":
        [
        ],
        "solstice_moduleButton":
        [
          {
            "x": "109",
            "y": "152",
            "radius": "2",
            "side":"L",
            "height":"20",
            "width":"78",
            "text":"L_LEG",
            "color":[100,100,100],
            "glowColor":[255,255,255]
          },
          {
            "x": "-169",
            "y": "152",
            "radius": "2",
            "side":"R",
            "height":"20",
            "width":"78",
            "text":"R_LEG",
            "color":[100,100,100],
            "glowColor":[255,255,255]
          }
        ],
        "solstice_keyFkIkButton":
        [
          {
            "x": "147",
            "y": "170",
            "radius": "2",
            "side":"L",
            "height":"20",
            "width":"40",
            "text":"KEY",
            "color":[100,100,100],
            "glowColor":[255,255,255]
          },

          {
            "x": "-169",
            "y": "170",
            "radius": "2",
            "side":"R",
            "height":"20",
            "width":"40",
            "text":"KEY",
            "color":[100,100,100],
            "glowColor":[255,255,255]
          }
        ],
        "solstice_fkIkSwitcherButton":
        [
          {
            "x": "109",
            "y": "170",
            "radius": "2",
            "side":"L",
            "height":"20",
            "width":"40",
            "color":[100,100,100],
            "glowColor":[255,255,255]
          },
          {
            "x": "-131",
            "y": "170",
            "radius": "2",
            "side":"R",
            "height":"20",
            "width":"40",
            "color":[100,100,100],
            "glowColor":[255,255,255]
          }
        ],
        "solstice_gimbalButton":
        [
          {
            "x": "58",
            "y": "185",
            "radius": "2",
            "name": "wrist_gimbalHelper",
            "type":"ik",
            "gizmo": "rotate",
            "side":"L",
            "height":"20",
            "mirror":"True",
            "width":"45",
            "text":"GIMBAL",
            "offset":[17, -1],
            "color":[100,100,100],
            "glowColor":[255,255,255]
          }
        ],
        "solstice_keySpaceSwitchButton":
        [
          {
            "x": "110",
            "y": "225",
            "radius": "2",
            "side":"L",
            "height":"20",
            "width":"128",
            "text":"KEY",
            "color":[100,100,100],
            "glowColor":[255,255,255]
          },
           {
            "x": "-219",
            "y": "228",
            "radius": "2",
            "side":"R",
            "height":"20",
            "width":"128",
            "text":"KEY",
            "color":[100,100,100],
            "glowColor":[255,255,255]
          }
        ],
        "solstice_commandButton":
        [
          {
            "x": "-271",
            "y": "-230",
            "height":"20",
            "width": "50",
            "radius": "2",
            "text":"GLOBAL",
            "color":[182,255,241],
            "command":"from pickers.picker import solstice_pickerCommands as cmds; cmds.selectGlobalControl()"
          },
          {
            "x": "-221",
            "y": "-230",
            "height":"20",
            "width": "55",
            "radius": "2",
            "text":"MAIN",
            "color":[182,255,241],
            "command":"from pickers.picker import solstice_pickerCommands as cmds; cmds.selectMainControl()"
          },
          {
            "x": "-165",
            "y": "-230",
            "height":"20",
            "width": "95",
            "radius": "2",
            "text":"ALL",
            "color":[182,255,241],
            "command":"from pickers.picker import solstice_pickerCommands as cmds; cmds.selectAllControls()"
          },
          {
            "x": "-271",
            "y": "-212",
            "height":"20",
            "width": "50",
            "radius": "2",
            "text":"BODY",
            "color":[182,255,241],
            "command":"from pickers.picker import solstice_pickerCommands as cmds; cmds.selectBodyControls()"
          },
          {
            "x": "-221",
            "y": "-212",
            "height":"20",
            "width": "55",
            "radius": "2",
            "text":"FACE",
            "color":[182,255,241],
            "command":"from pickers.picker import solstice_pickerCommands as cmds; cmds.selectFaceControls()"
          },
          {
            "x": "-165",
            "y": "-212",
            "height":"20",
            "width": "95",
            "radius": "2",
            "text":"DYNAMIC",
            "color":[182,255,241],
            "command":"from pickers.picker import solstice_pickerCommands as cmds; cmds.selectDynamicControl()"
          },
          {
            "x": "-270",
            "y": "-195",
            "height":"20",
            "width": "105",
            "radius": "2",
            "text":"KEY SELECTED",
            "color":[252,0,66],
            "command":"from pickers.picker import solstice_pickerCommands as cmds; cmds.setKeyframe()"
          },
          {
            "x": "-165",
            "y": "-195",
            "height":"20",
            "width": "95",
            "radius": "2",
            "text":"CLEAR SELECTION",
            "color":[0,255,182],
            "command":"from pickers.picker import solstice_pickerCommands as cmds; cmds.clearSelection()"
          },
           {
            "x": "110",
            "y": "207",
            "height":"20",
            "width": "32",
            "radius": "2",
            "text":"Main",
            "color":[100,100,100],
            "command":"from pickers.picker import solstice_pickerCommands as cmds; cmds.selectGlobalControl()"
          },
          {
            "x": "140",
            "y": "207",
            "height":"20",
            "width": "32",
            "radius": "2",
            "text":"World",
            "color":[100,100,100],
            "command":"from pickers.picker import solstice_pickerCommands as cmds; cmds.selectGlobalControl()"
          },
           {
            "x": "170",
            "y": "207",
            "height":"20",
            "width": "34",
            "radius": "2",
            "text":"Pelvis",
            "color":[100,100,100],
            "command":"from pickers.picker import solstice_pickerCommands as cmds; cmds.selectGlobalControl()"
          },
           {
            "x": "201",
            "y": "206",
            "height":"22",
            "width": "37",
            "radius": "2",
            "text":"Object",
            "color":[100,100,100],
            "command":"from pickers.picker import solstice_pickerCommands as cmds; cmds.selectGlobalControl()"
          },
          {
            "x": "-219",
            "y": "208",
            "height":"20",
            "width": "32",
            "radius": "2",
            "text":"Main",
            "color":[100,100,100],
            "command":"from pickers.picker import solstice_pickerCommands as cmds; cmds.selectGlobalControl()"
          },
          {
            "x": "-190",
            "y": "208",
            "height":"20",
            "width": "32",
            "radius": "2",
            "text":"World",
            "color":[100,100,100],
            "command":"from pickers.picker import solstice_pickerCommands as cmds; cmds.selectGlobalControl()"
          },
           {
            "x": "-160",
            "y": "209",
            "height":"20",
            "width": "34",
            "radius": "2",
            "text":"Pelvis",
            "color":[100,100,100],
            "command":"from pickers.picker import solstice_pickerCommands as cmds; cmds.selectGlobalControl()"
          },
           {
            "x": "-128",
            "y": "208",
            "height":"22",
            "width": "37",
            "radius": "2",
            "text":"Object",
            "color":[100,100,100],
            "command":"from pickers.picker import solstice_pickerCommands as cmds; cmds.selectGlobalControl()"
          }
        ]
      }
    }
  }
}