{
    "solstice_shelf":
    {
        "main":
        [
            {
                "icon": "setproject.png",
                "command": "import solstice_pipeline; import sys; sys.dispatcher.update_solstice_project();",
                "annotation": "Auto Setup Solstice Project",
                "label": ""
            },
            {
                "icon": "",
                "command": "",
                "annotation": "separator",
                "label": ""
            },
            {
                "icon": "assetviewer.png",
                "command": "from solstice_pipeline.solstice_tools import solstice_assetviewer; solstice_assetviewer.run();",
                "annotation": "Solstice Asset Viewer",
                "label": ""
            },
            {
                "icon": "",
                "command": "",
                "annotation": "separator",
                "label": ""
            },
            {
                "icon": "pipeline.png",
                "command": "from solstice_pipeline.solstice_tools import solstice_pipelinizer; solstice_pipelinizer.run();",
                "annotation": "Solstice Pipelinizer Tool",
                "label": ""
            },
            {
                "icon": "outline.png",
                "command": "from solstice_pipeline.solstice_tools import solstice_outliner; solstice_outliner.run();",
                "annotation": "Solstice Outliner Tool",
                "label": ""
            },
            {
                "icon": "",
                "command": "",
                "annotation": "separator",
                "label": ""
            },
           {
                "icon": "changelog.png",
                "command": "from solstice_pipeline.solstice_tools import solstice_changelog; solstice_changelog.run();",
                "annotation": "Solstice Changelog",
                "label": ""
            }
        ],
        "layout":
        [
          {
              "icon": "alembic.png",
              "command": "from solstice_pipeline.solstice_tools import solstice_alembicmanager; reload(solstice_alembicmanager); solstice_alembicmanager.run();",
              "annotation": "Solstice Alembic Manager",
              "label": ""
          },
          {
                "icon": "",
                "command": "",
                "annotation": "separator",
                "label": ""
          },
          {
              "icon": "solsticeplayblast.png",
              "command": "from solstice_pipeline.solstice_tools import solstice_playblast; solstice_playblast.run();",
              "annotation": "Solstice Playblast",
              "label": ""
          },
         {
          "icon": "solsticeanimshifter.png",
          "command": "from solstice_pipeline.solstice_tools import solstice_animshifter; reload(solstice_animshifter); solstice_animshifter.run();",
          "annotation": "Solstice Animation Shifter",
          "label": ""
          }
        ],
        "anim":
        [
            {
                "icon": "aTools.png",
                "command": "from solstice_pipeline.externals.aTools.animTools.animBar import animBarUI; reload(animBarUI); animBarUI.show('refresh');",
                "annotation": "aTools",
                "label": ""
            },
            {
                "icon": "ml_convertRotationOrder.png",
                "command": "from solstice_pipeline.solstice_tools import solstice_animrotconverter; reload(solstice_animrotconverter); solstice_animrotconverter.run()",
                "annotation": "ml_tools - Convert Rotation Order",
                "label": ""
            },
            {
                "icon": "",
                "command": "",
                "annotation": "separator",
                "label": ""
            },
            {
                "icon": "studiolibrary.png",
                "command": "from solstice_pipeline.solstice_tools import solstice_studiolib; reload(solstice_studiolib); solstice_studiolib.run()",
                "annotation": "Solstice Studio Library",
                "label": ""
            },
            {
                "icon": "",
                "command": "",
                "annotation": "separator",
                "label": ""
            },
            {
                "icon": "refreshvl.png",
                "command": "from solstice_pipeline.solstice_pickers.picker import picker_utils; picker_utils.load_vl_scripts();",
                "annotation": "Load Picker Scripts",
                "label": ""
            },
            {
                "icon": "picker.png",
                "command": "from solstice_pipeline.solstice_tools import solstice_pickers; reload(solstice_pickers); solstice_pickers.run();",
                "annotation": "Solstice Pickers",
                "label": ""
            },
            {
                "icon": "",
                "command": "",
                "annotation": "separator",
                "label": ""
            },
            {
              "icon": "alembic.png",
              "command": "from solstice_pipeline.solstice_tools import solstice_alembicmanager; reload(solstice_alembicmanager); solstice_alembicmanager.run();",
              "annotation": "Solstice Alembic Manager",
              "label": ""
            },
            {
                "icon": "",
                "command": "",
                "annotation": "separator",
                "label": ""
            },
            {
                "icon": "solsticeplayblast.png",
                "command": "from solstice_pipeline.solstice_tools import solstice_playblast; solstice_playblast.run();",
                "annotation": "Solstice Playblast",
                "label": ""
            },
             {
              "icon": "solsticeanimshifter.png",
              "command": "from solstice_pipeline.solstice_tools import solstice_animshifter; reload(solstice_animshifter); solstice_animshifter.run();",
              "annotation": "Solstice Animation Shifter",
              "label": ""
            }
        ],
        "light":
        [
            {
                "icon": "lightrigs.png",
                "command": "from solstice_pipeline.solstice_tools import solstice_lightrigs; reload(solstice_lightrigs); solstice_lightrigs.run();",
                "annotation": "Solstice Light Rigs Tool",
                "label": ""
            }
        ],
        "utils":
        [
            {
                "icon": "scatter.png",
                "command": "from solstice_pipeline.solstice_tools import solstice_scatter; reload(solstice_scatter); solstice_scatter.run();",
                "annotation": "Solstice Scatter Tool",
                "label": ""
            },
            {
                "icon": "solsticesnow.png",
                "command": "from solstice_pipeline.solstice_tools import solstice_snowgenerator; reload(solstice_snowgenerator); solstice_snowgenerator.run();",
                "annotation": "Solstice Snow Creator Tool",
                "label": ""
            }
        ],
        "rig":
        [
            {
                "icon": "tool.png",
                "command": "from solstice_pipeline.solstice_tools import solstice_rigtoolbox; reload(solstice_rigtoolbox); solstice_rigtoolbox.run();",
                "annotation": "Solstice Rig Toolbox",
                "label": ""
            }
        ],
        "td":
        [
            {
                "icon": "tagger.png",
                "command": "from solstice_pipeline.solstice_tools import solstice_tagger; reload(solstice_tagger); solstice_tagger.run();",
                "annotation": "Solstice Tagger Tool",
                "label": ""
            },
            {
                "icon": "sanitycheck.png",
                "command": "from solstice_pipeline.solstice_tools import solstice_sanitycheck; reload(solstice_sanitycheck); solstice_sanitycheck.run();",
                "annotation": "Solstice Sanity Check Tool",
                "label": ""
            },
            {
                "icon": "shaders.png",
                "command": "from solstice_pipeline.solstice_tools import solstice_shaderlibrary; reload(solstice_shaderlibrary); solstice_shaderlibrary.run();",
                "annotation": "Solstice Shader Library Tool",
                "label": ""
            },
            {
                "icon": "txtrelinker.png",
                "command": "from solstice_pipeline.solstice_tools import solstice_texturesrelinker; reload(solstice_texturesrelinker); solstice_texturesrelinker.run();",
                "annotation": "Solstice Textures Relinker Tool",
                "label": ""
            },
            {
                "icon": "",
                "command": "",
                "annotation": "separator",
                "label": ""
            },
            {
                "icon": "solstice_builder",
                "command": "from solstice_pipeline.solstice_tools import solstice_builder; reload(solstice_builder); solstice_builder.run();",
                "annotation": "Solstice Builder Tool",
                "label": ""
            },
            {
                "icon": "",
                "command": "",
                "annotation": "separator",
                "label": ""
            },
            {
                "icon": "clean",
                "command": "from solstice_pipeline.solstice_utils import solstice_maya_utils; reload(solstice_maya_utils); solstice_maya_utils.clean_scene();",
                "annotation": "Clean Scene",
                "label": ""
            },
            {
                "icon": "student",
                "command": "from solstice_pipeline.solstice_utils import solstice_maya_utils; reload(solstice_maya_utils); solstice_maya_utils.clean_student_line();",
                "annotation": "Clean Student License",
                "label": ""
            }
        ]
    }
}